test_name,total_runs,pass_rate,retry_rate,duration_mean_ms,duration_std_ms,duration_var_ms,p95_duration_ms,browser_count,headless_share,network_latency_mean,cpu_load_mean,memory_usage_mean,fail_rate,duration_cv,max_fail_streak,label_flaky
notifications.spec::websocket_push,80,0.625,0.2125,727.5875,118.7590576159258,14103.713765822784,919.05,3,0.5,53.279250000000005,50.1865,791.450375,0.375,0.16322305924157,4,1
checkout.spec::payment_flow,80,0.6625,0.1125,848.325,118.11781020916192,13951.817088607595,1045.1,3,0.5,49.668,49.98925,853.2721250000001,0.3375,0.13923650748140384,3,1
profile.spec::upload_avatar,80,0.7625,0.125,618.675,108.39365376817585,11749.184177215184,784.35,3,0.5,45.61275,46.750125000000004,742.344625,0.23750000000000004,0.17520289937071298,2,1
orders.spec::list_recent,80,0.9375,0.025,372.1375,84.67088088369138,7169.158069620254,481.74999999999994,3,0.5,38.333999999999996,44.858375,634.654375,0.0625,0.22752579593212557,1,1
search.spec::filter_results,80,0.9625,0.0,304.6,78.81408985386857,6211.660759493669,439.6499999999999,3,0.5,35.51025,43.749624999999995,596.7502499999999,0.03749999999999998,0.25874619124710624,2,1
auth.spec::login_success,80,1.0,0.0,212.1625,73.45513463194706,5395.6568037974685,330.45,3,0.5,35.005624999999995,43.30475,555.60425,0.0,0.3462211023717531,0,0
